{
     "Pranav": {
          "id": 186473047492773169686797432277,
          "password": "D",
          "Currentlist": [
               0.3852172613275239,
               0.11417872550835195,
               -0.6579816023135802,
               -0.13885547771020523,
               0.5439923086527353,
               0.2167501146155567,
               -0.5036286911744762,
               -0.6378418101064055,
               0.4569776412114116,
               0.34722740958786513
          ],
          "History": [
               [
                    "BurgerBoi",
                    ""
               ]
          ]
     },
     "Sujit": {
          "id": 1001613845388301698522147845178,
          "password": "I",
          "Currentlist": [
               0.06507257141722023,
               -0.2135259511951615,
               -0.435404454316795,
               0.35570146216983733,
               0.9882632117216172,
               -0.13004061665879973,
               0.8985549591264093,
               -0.313016260329281,
               -0.47290061744163947,
               0.07052821827973887
          ],
          "History": []
     },
     "Pranav2": {
          "Id": 635950707780662654397373358300,
          "password": "DEv",
          "Currentlist": [
               -1.6683804404796323e+24,
               -7.084748294552125e+25,
               -3.6615011220444743e+25,
               7.765869688914814e+25,
               3.789007608546268e+25,
               -3.30969250511471e+25,
               8.108378501414476e+25,
               -6.300614699849913e+25,
               3.3864639735471815e+25,
               -8.34590555153564e+24
          ]
     }
}