{
     "Pranav": {
          "Id": 487521050065587405750009427234,
          "password": "D",
          "Currentlist": [
               0.33763179990216324,
               0.1779138435275045,
               -0.14291088085207937,
               -0.16191033232435867,
               -0.22781624316036161,
               -0.0105006757133356,
               -0.06719202265103083,
               -0.19778050342422926,
               -0.02311631974668349,
               -0.4594671961614517
          ]
     },
     "Sujit": {
          "id": 1001613845388301698522147845178,
          "password": "I",
          "Currentlist": [
               0.06507257141722023,
               -0.2135259511951615,
               -0.435404454316795,
               0.35570146216983733,
               0.9882632117216172,
               -0.13004061665879973,
               0.8985549591264093,
               -0.313016260329281,
               -0.47290061744163947,
               0.07052821827973887
          ],
          "History": []
     },
     "Pranav2": {
          "Id": 544041591921888822335049482627,
          "password": "Dre",
          "Currentlist": [
               0.25925101726240585,
               -0.07998783830153511,
               0.930078704446291,
               -0.34053294018378444,
               -0.7652504676877827,
               -0.11338359225647587,
               -0.28989364639206805,
               -0.28863715801266543,
               0.5282666873014104,
               -0.9136829380368046
          ]
     },
     "Pranavm6": {
          "Id": 294108604867869904469841051345,
          "password": "12313133",
          "Currentlist": [
               0.16266601262256142,
               -0.15941717278346407,
               -0.7481522715120767,
               -0.5860620124847677,
               -0.302235854873072,
               -0.08374179721864589,
               0.11807912572349732,
               0.14302958481835004,
               0.5478174171981909,
               -0.46980187648516203
          ]
     }
}